, average best sol,num pop
0,2859.694708,40
1,2802.486048399999,40
2,2782.603528399999,
3,2733.1554888,
4,2683.0051632000004,
5,2701.3160896,
6,2715.947501999999,
7,2639.267100399999,
8,2543.8866029999995,
9,2530.4227688,
10,2450.4252352,
11,2403.6946989999997,
12,2379.9519527999996,
13,2331.9302704,
14,2346.4720064,
15,2319.2084428000003,
16,2249.4624943999993,
17,2257.0947788000003,
18,2261.3517184000007,
19,2152.586862400001,
20,2102.897540800001,
