, average best sol,num pop
0,2837.7612144,40
1,2834.2107046,40
2,2721.9441066000004,
3,2658.9072736000003,
4,2628.2881568000007,
5,2555.668800800001,
6,2529.912258,
7,2494.5918652,
8,2502.0269256,
9,2402.6418796,
10,2348.4338615999995,
11,2293.4881543999995,
12,2198.9273055999997,
13,2129.451657599999,
14,2105.8545171999995,
15,2117.269991199999,
16,2050.1738723999993,
17,2051.7588256,
18,2052.9533664,
19,2068.3305075999997,
20,2075.2598599999988,
